{
	"name": "Dynamic-Effects-SRD",
	"title": "Dynamic Effects SRD",
	"description": "DnD 5e SRD items, features and spells configured for Dynamic Effects, MQoL and AT",
	"author": "Kandashi",
	"version": "0.1.0",
	"systems": ["dnd5e"],
	"minimumCoreVersion": "0.6.5",
	"compatibleCoreVersion": "0.6.6",
	"packs": [
		{
			"name": "DE SRD Items",
			"label": "DE SRD  Items",
			"path": "packs/equipment.db",
			"entity": "Item",
			"module": "Dynamic Effects Items"
		},
		{
			"name": "DE SRD Spells",
			"label": "DE SRD Spells",
			"path": "packs/spells.db",
			"entity": "Item",
			"module": "Dynamic Effects Items"
		},
                {
			"name": "DE SRD Spells Contained",
			"label": "DE SRD Spells Contained",
			"path": "packs/spellscontained.db",
			"entity": "Item",
			"module": "Dynamic Effects Items"
		},
		{
			"name": "DE SRD Feats",
			"label": "DE SRD Feats",
			"path": "packs/feats.db",
			"entity": "Item",
			"module": "Dynamic Effects Items"
		},
		{	"name": "DE SRD Macros",
			"label": "DE SRD Macros",
			"path": "packs/macros.db",
			"entity": "Macro",
			"module": "Dynamic Effects Items"
		}    		
	],
	 "url": "https://github.com/kandashi/Dynamic-Effects-SRD",
         "manifest": "https://raw.githubusercontent.com/kandashi/Dynamic-Effects-SRD/master/module.json",
	"download": "https://github.com/kandashi/Dynamic-Effects-SRD/archive/master.zip"
}
